Week,Participant,Weight
0,1,95.94828882
1,1,94.15635407
2,1,93.63969167
3,1,93.05969401
4,1,91.18335035
5,1,89.95466803
6,1,88.53997323
7,1,87.89858043
8,1,86.56903487
9,1,85.82304126
10,1,84.92943468
11,1,84.1460174
12,1,82.72817982
13,1,81.75593441
14,1,79.76185692
15,1,79.01123104
16,1,77.02223226
0,2,95.79450499
1,2,95.1544071
2,2,94.07207507
3,2,92.64141393
4,2,91.29507131
5,2,89.35121786
6,2,88.81152773
7,2,87.4591546
8,2,86.89551949
9,2,86.22715185
10,2,85.18712001
11,2,84.64356992
12,2,83.57182723
13,2,82.07196805
14,2,80.59209042
15,2,79.18981854
16,2,78.3668577
0,3,69.50398613
1,3,68.62717921
2,3,67.64309445
3,3,65.89999095
4,3,64.29162289
5,3,63.0632423
6,3,62.07665321
7,3,61.550879
8,3,60.69019541
9,3,59.53992804
10,3,58.81446262
11,3,57.09867352
12,3,55.50560345
13,3,54.74784117
14,3,53.7876484
15,3,52.14846551
16,3,50.21294871
0,4,91.42862368
1,4,89.75320181
2,4,88.47229965
3,4,86.76841517
4,4,85.84744892
5,4,83.85927603
6,4,82.42251098
7,4,81.19412254
8,4,79.19647837
9,4,78.06888438
10,4,76.30574219
11,4,74.84428465
12,4,73.81273246
13,4,72.97646751
14,4,71.82193777
15,4,70.17249287
16,4,68.30746364
0,5,83.79823885
1,5,82.25606641
2,5,81.25720618
3,5,79.25756452
4,5,77.57041946
5,5,76.96997065
6,5,76.35843777
7,5,75.45957923
8,5,73.9591872
9,5,72.73178219
10,5,71.84774416
11,5,70.77648302
12,5,69.71585104
13,5,68.04158759
14,5,66.36643856
15,5,64.9498561
16,5,64.36353964
0,6,80.20774999
1,6,79.3175329
2,6,78.41740176
3,6,77.2210437
4,6,75.22445315
5,6,74.13785933
6,6,73.39306167
7,6,72.52034551
8,6,71.19944287
9,6,70.00312786
10,6,68.8091929
11,6,66.81126417
12,6,65.3447631
13,6,64.26296273
14,6,63.50637593
15,6,62.04145893
16,6,60.65741162
0,7,88.32374643
1,7,87.20826389
2,7,86.28774983
3,7,84.8802094
4,7,84.25901529
5,7,83.70287073
6,7,82.05315602
7,7,81.13990242
8,7,80.49535421
9,7,79.40056533
10,7,78.34782628
11,7,77.75390506
12,7,77.02962918
13,7,75.89936053
14,7,75.13146642
15,7,73.30204433
16,7,72.44880597
0,8,64.32208408
1,8,62.54475399
2,8,60.66515069
3,8,59.36125501
4,8,58.53030725
5,8,57.63059919
6,8,56.85644486
7,8,55.11168858
8,8,54.52876907
9,8,52.96920483
10,8,51.19281291
11,8,50.2718808
12,8,48.75800973
13,8,47.92622397
14,8,46.51788548
15,8,45.53577478
16,8,44.69951234
0,9,84.56149518
1,9,82.60512391
2,9,80.80869461
3,9,79.82894087
4,9,79.2311753
5,9,78.05691643
6,9,76.95956578
7,9,75.25505752
8,9,74.05791243
9,9,72.32724604
10,9,71.00507578
11,9,69.48065581
12,9,67.65491782
13,9,65.93407105
14,9,65.0286662
15,9,63.6464743
16,9,62.26754883
0,10,86.92305655
1,10,85.56429825
2,10,83.76903379
3,10,83.0060529
4,10,81.89450927
5,10,81.08610473
6,10,80.23965337
7,10,79.616738
8,10,78.91068266
9,10,77.38614552
10,10,75.77503638
11,10,74.88843606
12,10,74.00947774
13,10,73.38633379
14,10,72.5761206
15,10,70.77611503
16,10,69.20773966
0,11,78.30967105
1,11,78.30967105
2,11,78.30967105
3,11,78.30967105
4,11,78.30967105
5,11,78.30967105
6,11,78.30967105
7,11,78.30967105
8,11,78.30967105
9,11,78.30967105
10,11,78.30967105
11,11,78.30967105
12,11,78.30967105
13,11,78.30967105
14,11,78.30967105
15,11,78.30967105
16,11,78.30967105
0,12,88.76449007
1,12,88.76449007
2,12,88.76449007
3,12,88.76449007
4,12,88.76449007
5,12,88.76449007
6,12,88.76449007
7,12,88.76449007
8,12,88.76449007
9,12,88.76449007
10,12,88.76449007
11,12,88.76449007
12,12,88.76449007
13,12,88.76449007
14,12,88.76449007
15,12,88.76449007
16,12,88.76449007
0,13,97.38688989
1,13,97.38688989
2,13,97.38688989
3,13,97.38688989
4,13,97.38688989
5,13,97.38688989
6,13,97.38688989
7,13,97.38688989
8,13,97.38688989
9,13,97.38688989
10,13,97.38688989
11,13,97.38688989
12,13,97.38688989
13,13,97.38688989
14,13,97.38688989
15,13,97.38688989
16,13,97.38688989
0,14,70.21715297
1,14,70.21715297
2,14,70.21715297
3,14,70.21715297
4,14,70.21715297
5,14,70.21715297
6,14,70.21715297
7,14,70.21715297
8,14,70.21715297
9,14,70.21715297
10,14,70.21715297
11,14,70.21715297
12,14,70.21715297
13,14,70.21715297
14,14,70.21715297
15,14,70.21715297
16,14,70.21715297
0,15,78.4917129
1,15,78.4917129
2,15,78.4917129
3,15,78.4917129
4,15,78.4917129
5,15,78.4917129
6,15,78.4917129
7,15,78.4917129
8,15,78.4917129
9,15,78.4917129
10,15,78.4917129
11,15,78.4917129
12,15,78.4917129
13,15,78.4917129
14,15,78.4917129
15,15,78.4917129
16,15,78.4917129
0,16,97.77845137
1,16,98.19209512
2,16,98.34364399
3,16,98.4952797
4,16,98.62418094
5,16,98.74543274
6,16,99.05818251
7,16,99.20310581
8,16,99.6003809
9,16,99.99290709
10,16,100.4469542
11,16,100.7537986
12,16,101.194571
13,16,101.4716895
14,16,101.6348415
15,16,101.9117714
16,16,102.3988648
0,17,99.42289231
1,17,99.62387568
2,17,99.82775168
3,17,100.1445581
4,17,100.5045084
5,17,100.739076
6,17,100.8634559
7,17,101.1439803
8,17,101.5794823
9,17,101.9093372
10,17,102.1506774
11,17,102.4696478
12,17,102.9267352
13,17,103.2227315
14,17,103.3913843
15,17,103.7085967
16,17,104.1931838
0,18,64.924968
1,18,65.35317381
2,18,65.57599557
3,18,65.75017701
4,18,65.86951572
5,18,66.06778538
6,18,66.30822815
7,18,66.4718371
8,18,66.6934763
9,18,66.80049563
10,18,67.2991167
11,18,67.72087402
12,18,67.85550626
13,18,68.30347957
14,18,68.62531392
15,18,68.89386529
16,18,69.02092001
0,19,79.32445845
1,19,79.4527472
2,19,79.63730398
3,19,79.95715214
4,19,80.24994472
5,19,80.41373266
6,19,80.57356426
7,19,80.87327342
8,19,81.34949937
9,19,81.5831919
10,19,81.75856563
11,19,81.9664521
12,19,82.27874973
13,19,82.38732982
14,19,82.80683395
15,19,82.95096799
16,19,83.2668873
0,20,82.74180341
1,20,83.08938403
2,20,83.4753255
3,20,83.62464574
4,20,83.84906558
5,20,84.32736125
6,20,84.62737129
7,20,84.78146349
8,20,85.22916661
9,20,85.41118646
10,20,85.88120482
11,20,86.33590625
12,20,86.49042458
13,20,86.90456436
14,20,87.18588573
15,20,87.34018269
16,20,87.79427111
